Title,Rating,Votes,Duration,Genre
A Complete Unknown,7.4,76000,141,biography
I'm Still Here,8.3,105000,137,biography
The Apprentice,7.1,55000,122,biography
Queer,6.4,21000,137,biography
Better Man,7.6,27000,135,biography
Saturday Night,6.9,30000,109,biography
Queen of the Ring,6.9,949,140,biography
Maria,6.4,19000,124,biography
William Tell,5.7,2500,133,biography
One to One: John & Yoko,7.3,327,101,biography
Nr. 24,7.5,15000,111,biography
Bob Marley: One Love,6.2,35000,107,biography
Back to Black,6.3,27000,122,biography
Ordinary Angels,7.4,16000,118,biography
Unfrosted,5.5,35000,97,biography
Reagan,6.1,11000,141,biography
Bonhoeffer: Pastor. Spy. Assassin.,6.2,3600,133,biography
Joy,7.1,9400,115,biography
Young Woman and the Sea,7.5,17000,129,biography
Cabrini,7.3,8800,142,biography
Amaran,8.1,19000,167,biography
Midas Man,6.4,1600,112,biography
The Fire Inside,6.7,2600,109,biography
Piece by Piece,6.9,5500,93,biography
Scoop,6.5,20000,102,biography
Rob Peace,6.5,2100,120,biography
Faith of Angels,5.8,233,98,biography
Harbin,6.3,677,108,biography
Goebbels and the Führer,6.7,2200,135,biography
The Remarkable Life of Ibelin,8.2,12000,103,biography
Monsieur Aznavour,7.3,2400,133,biography
Winner,6.5,2500,103,biography
Being Maria,6.1,613,100,biography
Audrey's Children,7.0,380,110,biography
Inexplicável,7.2,171,116,biography
Super/Man: The Christopher Reeve Story,8.0,9100,104,biography
Maharaj,6.5,15000,131,biography
Oxana,6.5,51,103,biography
Stelios,7.3,1400,132,biography
Fanon,6.8,103,132,biography
Niki,6.0,367,98,biography
Limonov: The Ballad of Eddie,6.0,807,138,biography
Race for Glory: Audi vs. Lancia,5.8,4700,109,biography
"From Hilde, with Love",7.0,935,125,biography
Saint-Exupéry,5.4,336,98,biography
El 47,7.2,3400,110,biography
Chhava,8.5,2200,51,biography
Riefenstahl,7.2,518,115,biography
Boléro,6.6,790,120,biography
Srikanth,7.4,14000,134,biography
Avicii - I'm Tim,7.7,7000,95,biography
Freedom,5.9,1400,110,biography
Shirley,6.2,3300,117,biography
"Sarah Bernhardt, la divine",5.9,214,98,biography
Prodigieuses,6.6,172,101,biography
Blue Road: The Edna O'Brien Story,8.2,64,99,biography
Quisling: The Final Days,7.1,1100,146,biography
Chandu Champion,7.8,34000,142,biography
Drazen,6.6,1300,100,biography
Pavements,7.1,167,128,biography
Music by John Williams,8.2,4800,105,biography
The Firing Squad,5.1,5000,93,biography
Liza: A Truly Terrific Absolutely True Story,7.8,250,104,biography
Bogart: Life Comes in Flashes,6.8,426,99,biography
Maidaan,7.9,23000,181,biography
Biggest Heist Ever,6.1,1500,85,biography
Jim Henson: Idea Man,7.7,3900,111,biography
The Bibi Files,7.5,1100,115,biography
Ravens,8.0,80,117,biography
I Am Nevenka,7.1,1100,112,biography
The Ballad of Davy Crockett,4.6,248,96,biography
Atatürk II: 1881-1919,8.9,2100,141,biography
Janis Ian: Breaking Silence,8.1,58,114,biography
Luther: Never Too Much,8.1,848,101,biography
Amar Singh Chamkila,7.8,16000,145,biography
Ol' Dirty Bastard: A Tale of Two Dirtys,6.7,204,86,biography
Elton John: Never Too Late,6.5,2000,102,biography
Swatantrya Veer Savarkar,7.7,18000,176,biography
Havnaa,7.2,246,110,biography
"Disco, Ibiza, Locomia",6.0,1500,104,biography
Miyazaki: L'Esprit de la Nature,7.1,217,84,biography
Miséria,5.3,101,99,biography
The Great Ambition,7.2,721,123,biography
The Beach Boys,7.1,2100,113,biography
I Am: Celine Dion,7.7,7900,103,biography
Road Diary: Bruce Springsteen and the E Street Band,7.7,995,99,biography
Becoming Madonna,6.9,223,91,biography
Federer: Twelve Final Days,7.3,4100,88,biography
The Shamrock Spitfire,5.2,482,108,biography
Beautiful Rebel,6.3,1000,112,biography
John Cranko,7.1,188,133,biography
La Grande,9.0,40,95,biography
Papa,7.5,327,131,biography
Faye,7.1,3100,91,biography
The World According to Allee Willis,7.7,73,97,biography
Never Look Away,7.2,265,85,biography
Münter & Kandinsky,6.5,97,126,biography
Oscar Wilde About America,4.4,30,98,biography
Gundi: Legend of Love,9.0,5500,166,biography
Taghiev: Oil,9.2,72,120,biography
La casa,6.9,939,83,biography
House of Ga'a,3.9,489,119,biography
The Truth vs. Alex Jones,7.5,3000,121,biography
Nahir,4.7,1100,122,biography
Ae Watan Mere Watan,4.7,1400,133,biography
Lula,5.6,186,90,biography
Hola Frida,7.2,32,82,biography
Vindication Swim,6.0,210,98,biography
Main Atal Hoon,6.9,6300,139,biography
Jenni,6.8,44,113,biography
Cookster: The Darkest Days,8.2,40,119,biography
Sabbath Queen,8.0,66,105,biography
Samia,6.8,138,102,biography
The Sidemen Story,6.7,1700,99,biography
Becoming Hitchcock: The Legacy of Blackmail,7.2,266,72,biography
ZEF: The Story of Die Antwoord,7.3,802,90,biography
Silvio,3.0,515,114,biography
Blood'less' Revolution,6.7,289,103,biography
Diddy: Summit to Plummet,2.3,203,60,biography
National Theatre Live: Nye,8.0,268,160,biography
Marcella,8.9,19,97,biography
Hayatla Baris,6.3,372,125,biography
From Roger Moore with Love,7.4,338,79,biography
The Life and Deaths of Christopher Lee,7.2,447,99,biography
Mit einem Tiger schlafen,6.8,152,107,biography
The Man Who Loved UFOs,5.2,599,107,biography
Nedelja,7.2,1900,130,biography
Giroud,6.1,17,80,biography
Klitschko: More Than a Fight,6.3,508,96,biography
Concepción,8.8,25,140,biography
Stevie Van Zandt: Disciple,7.9,664,147,biography
"Iki Gözüm Ahmet, Sürgün",3.7,139,113,biography
Estimados Señores,7.7,61,98,biography
Der Soldat Monika,7.0,26,109,biography
Laura,6.5,239,104,biography
Don't Ever Stop,9.5,27,85,biography
Bir Cumhuriyet Sarkisi,7.7,387,128,biography
Gary,6.6,537,91,biography
Ennio Doris - C'è anche domani,5.2,102,90,biography
Raghuveer,8.9,68,125,biography
Daytime Revolution,6.8,92,108,biography
Saint Nick of Bethlehem,9.2,101,93,biography
Patrice: The Movie,8.3,228,102,biography
Nasty,7.8,1100,103,biography
Tears of Cem Karaca,7.2,2000,123,biography
Funmilayo Ransome-Kuti,8.5,94,91,biography
Hyper: The Stevie Hyper D Story,8.8,30,91,biography
Sharon Stone: Survival Instinct,6.9,65,52,biography
Dharmaveer 2,5.4,10000,130,biography
Memoir Seorang Guru,7.1,125,120,biography
"Carville: Winning Is Everything, Stupid",7.2,269,98,biography
Padatik,7.9,106,126,biography
Kulej. Dwie strony medalu,6.4,321,148,biography
Michael Jackson: Ungloved,6.5,24,60,biography
God Be with Us,6.3,15,90,biography
Spyral,8.6,19,83,biography
Sadik Ahmet,7.7,414,125,biography
Levoton Tuhkimo,6.4,416,88,biography
Il était une fois Michel Legrand,8.0,39,109,biography
Madu,5.3,266,100,biography
Sube a mi Nube,6.0,27,110,biography
Simona Kossak,6.1,323,100,biography
Vivekam,8.2,308,104,biography
Harimau Malaya: The Untold Journey,8.2,22,125,biography
Yatra 2,6.3,9700,132,biography
Rock Bottom,6.9,43,86,biography
A nuestros amigos,7.7,13,90,biography
Komandir,6.4,523,131,biography
Pastor's Kid,6.7,40,90,biography
Wingless,7.8,95,110,biography
Karina,7.1,17,91,biography
Diane von Furstenberg: Woman in Charge,7.2,311,97,biography
Chabuca,6.7,250,113,biography
Gold,7.7,68,126,biography
Faruk,6.6,413,97,biography
Son Sarki: Ahmet'in Türküsü,1.6,110,101,biography
Suzzanna: The Queen of Black Magic,6.6,43,88,biography
Go Against the Flow,5.4,155,97,biography
Shahid,6.5,84,84,biography
Obraz,7.6,17,95,biography
Satyashodhak,8.4,360,145,biography
"François Truffaut, le scénario de ma vie",6.7,38,98,biography
The Movie Man,7.7,173,89,biography
Glenn Fredly: The Movie,6.8,124,121,biography
Bach - Ein Weihnachtswunder,6.2,168,89,biography
Padu,5.1,81,97,biography
Born to Be Wild: The Story of Steppenwolf,7.2,39,100,biography
Hope of Escape,7.7,41,91,biography
Pod szarym niebem,7.2,43,81,biography
Zuckerberg: King of the Metaverse,5.7,260,90,biography
Beethoven's Nine: Ode to Humanity,6.9,22,85,biography
Cartas Telepáticas,5.2,37,70,biography
The Legend of Sudarshan Chakra,9.1,22,160,biography
Un hombre libre,8.1,9,88,biography
Charmian Clift: Life Burns High,7.9,15,80,biography
Who Killed Lawrence of Arabia?,6.5,32,100,biography
Knockout Blonde: The Kellie Maloney Story,5.9,21,90,biography
Ruki vverkh!,5.5,255,102,biography
Parviz Khan,6.0,207,110,biography
Soares é Fixe,4.8,77,83,biography
Powstaniec 1863,5.4,139,115,biography
The Ballad of Suzanne Césaire,5.9,34,75,biography
Ray of Hope,7.0,10,105,biography
Joachim and the Apocalypse,7.2,13,90,biography
Riv i hjertet,7.9,30,107,biography
Fedya. Narodnyy futbolist,6.0,123,125,biography
A Dangerous Boy,6.9,96,90,biography
Manyam Dheerudu,5.3,3500,114,biography
Niepewnosc,3.6,55,113,biography
Ett hjärta är alltid rött,7.1,395,103,biography
Iyunskaya polyn,8.5,6,79,biography
Chhatrapati Sambhaji,5.6,233,186,biography
Maurice And I,8.9,26,98,biography
Bröderna Andersson,7.2,99,84,biography
Harta Tahta Raisa,4.0,71,110,biography
Me Dicen El Panzer,6.6,7,90,biography
Main Mulayam Singh Yadav,3.8,198,120,biography
La Joia: Bad Gyal,5.8,83,92,biography
Nonkonform,7.9,15,117,biography
La valanga azzurra,7.6,10,90,biography
Looking for Simone,7.3,15,93,biography
"Jacques Demy, le rose et le noir",7.1,13,88,biography
Rhythm of a Flower,7.3,15,81,biography
"Marisol, llámame Pepa",6.8,115,87,biography
Lafran,8.2,15,99,biography
Lulu in Turin,8.5,6,76,biography
Ago,8.0,6,80,biography
Janet Jackson: In Control,5.5,8,60,biography
"Sean Penn, L'enfant terrible de l'Amérique",7.4,27,52,biography
Yaremchuk: Nezrivniannyi svit krasy,8.6,463,92,biography
Maria,4.2,22,60,biography
COMA,9.5,9,80,biography
"Mary, Marianna, Maria: Ta agnosta ellinika hronia tis Kallas",7.6,14,103,biography
The Truth: The Journey Within,7.2,8,91,biography
Nollbudget,8.3,11,72,biography
"Dolly Parton: Bigger Hair, Bigger Heart",7.0,11,60,biography
Shaking It Up: The Life and Times of Liz Carpenter,8.0,9,77,biography
All Access to Rossa 25 Shining Years,8.7,65,91,biography
Il ricercatore,5.8,7,71,biography
"Kati: Eine Kür, die bleibt",6.1,85,99,biography
It'll Never Work,9.6,30,57,biography
9 sekund,4.6,62,91,biography
Paul Anka: His Way,7.3,11,100,biography
Davaj Paradiso,9.1,27,63,biography
"Steven Spielberg, l'homme et l'enfant",6.4,14,56,biography
No More Trouble - Cosa rimane di una tempesta,8.5,19,97,biography
Not Taken: Origins,9.8,6,69,biography
Insula Fondane (Fondane Island),8.8,12,82,biography
Waldo,6.6,7,104,biography
O familie aproape perfecta,5.4,8,88,biography
The Ballad of John and Yoko,8.5,17,101,biography
Barnen från Camp Ashraf,5.4,19,88,biography
Tapes of Revolution,9.5,6,75,biography
Graciano Rocchigiani - Das Herz eines Boxers,9.2,51,123,biography
Nebesko,5.2,10,73,biography
Im Schatten der Träume,8.2,10,90,biography
Reba McEntire: Country Gold,7.5,10,60,biography
Beethoven's Nine,7.6,11,90,biography
Golpe a Golpe (Blow by Blow),8.1,23,90,biography
Giannis Spanos: Piso ap' ti markiza,7.8,17,118,biography
Brev til Håkon Banken,8.1,28,80,biography
Palace Guardians,9.4,8,64,biography
Beyaz Zenciler: Yapim Asamasi,8.6,5,55,biography
Carles Sabater. No espereu res de mi,8.1,19,75,biography
Veljko od mora,7.2,16,53,biography
"Georges Pompidou, la cruauté du pouvoir",6.5,7,104,biography
Toquinho: Encontros e um Violão,8.6,5,90,biography
¡Qué suerte hemos tenido!,7.5,16,62,biography
Gevart,7.3,70,34,biography
"Lupicinio Rodrigues, Confissões de um Sofredor",7.0,5,99,biography
87 Candles,8.9,9,55,biography
The Order,6.8,43000,116,crime
The Beekeeper,6.3,157000,105,crime
Trap,5.8,138000,105,crime
Longlegs,6.6,186000,101,crime
Juror #2,7.0,98000,114,crime
Freaky Tales,6.7,2000,107,crime
Carry-On,6.5,166000,119,crime
The Crow,4.7,35000,111,crime
Despicable Me 4,6.2,66000,94,crime
Wolfs,6.5,83000,108,crime
Greedy People,6.2,12000,112,crime
MaXXXine,6.2,70000,103,crime
Rebel Ridge,6.8,88000,131,crime
Dead Mail,6.0,1000,106,crime
Pushpa: The Rule - Part 2,6.1,56000,201,crime
Emilia Pérez,5.4,88000,132,crime
The Girl with the Needle,7.5,14000,123,crime
Lucky Baskhar,8.0,32000,148,crime
Absolution,5.2,8200,112,crime
Bad Boys: Ride or Die,6.5,100000,115,crime
Love Lies Bleeding,6.6,57000,104,crime
Riff Raff,5.7,3100,103,crime
Lake George,6.4,1200,118,crime
Monkey Man,6.8,92000,121,crime
The Instigators,6.2,38000,101,crime
The Seed of the Sacred Fig,7.6,14000,167,crime
Beverly Hills Cop: Axel F,6.4,81000,118,crime
Lift,5.5,49000,107,crime
Maharaja,8.4,67000,141,crime
Sleeping Dogs,6.2,22000,110,crime
Santosh,7.1,2000,128,crime
Jafaican,5.2,10,101,crime
Toofan,7.4,8200,145,crime
Marco,6.8,21000,145,crime
The Thicket,5.8,3100,108,crime
Trigger Warning,4.6,19000,106,crime
Armor,3.6,4100,89,crime
Long Gone Heroes,5.2,1100,101,crime
Trouble,6.2,6900,98,crime
Beating Hearts,7.0,4800,166,crime
Killer Heat,5.6,13000,95,crime
Twilight of the Warriors: Walled In,7.0,9600,126,crime
Brothers,5.4,13000,89,crime
The Shadow Strays,6.5,9200,144,crime
Duchess,4.6,1400,114,crime
The Silent Hour,6.1,7500,99,crime
Colors of Evil: Red,6.4,8500,111,crime
Blackwater Lane,4.6,1900,108,crime
Force of Nature: The Dry 2,5.8,7100,120,crime
Misericordia,6.8,2100,104,crime
Do Patti,6.4,69000,126,crime
Hitpig,5.1,951,86,crime
Dead Sea,5.2,5300,88,crime
Harbin,6.3,677,108,crime
Boneyard,4.1,5000,96,crime
Damaged,4.7,7300,97,crime
My Fault,4.2,7000,120,crime
Bangkok Dog,4.8,202,85,crime
Megamind vs. The Doom Syndicate,2.5,5600,83,crime
The Unholy Trinity,7.9,55,93,crime
The Calendar Killer,5.4,4200,97,crime
5lbs of Pressure,5.2,1600,111,crime
Detained,4.9,1600,97,crime
The Trainer,7.1,56,95,crime
Sector 36,7.1,25000,123,crime
Justice,6.3,3900,113,crime
Baby John,5.2,17000,159,crime
The Courier,6.0,4400,101,crime
Viduthalai Part 2,7.8,16000,170,crime
The Thundermans Return,5.0,1800,70,crime
Revolver,5.4,869,114,crime
Singham Again,4.7,75000,144,crime
Thalavan,7.2,4700,131,crime
The Roundup: Punishment,6.6,5300,109,crime
Sikandar Ka Muqaddar,6.0,24000,142,crime
Darkness of Man,4.8,3200,109,crime
Jönssonligan kommer tillbaka,5.9,1400,104,crime
The Quiet Ones,6.3,698,110,crime
"I, the Executioner",6.4,1800,118,crime
Jigra,6.0,24000,153,crime
Badland Hunters,5.9,12000,107,crime
Depravity,4.3,1000,117,crime
Reputation,9.1,10,83,crime
Inside,7.0,239,104,crime
Code 8: Part II,5.7,16000,100,crime
Golam,7.2,5700,120,crime
The Clean Up Crew,4.1,1200,95,crime
Strictly Confidential,2.8,854,94,crime
Officer Black Belt,6.8,8300,108,crime
Maharaj,6.5,15000,131,crime
The Kingdom,6.9,798,112,crime
Døde menn går på ski,5.2,303,89,crime
Marmalade,6.3,3600,99,crime
Drugstore June,5.4,1700,91,crime
El Jockey,6.4,1700,96,crime
Pani,6.9,3100,143,crime
Maldoror,7.0,636,155,crime
Midnight Taxi,5.4,86,97,crime
The Soul Eater,5.9,2600,108,crime
Bogota: City of the Lost,5.4,1900,108,crime
Ride,5.9,395,114,crime
Case of Kondana,5.8,612,143,crime
Cult Killer,4.8,2800,105,crime
Guns & Moses,8.2,47,94,crime
King Ivory,7.2,64,130,crime
Ulajh,6.0,24000,150,crime
Barron's Cove,8.2,35,116,crime
Lover Stalker Killer,7.0,13000,90,crime
Compulsion,6.3,13,94,crime
What Jennifer Did,6.1,11000,87,crime
Bougainvillea,6.4,3200,138,crime
Savi,6.1,35000,126,crime
Anweshippin Kandethum,7.4,10000,142,crime
City Hunter,6.3,5600,102,crime
Sicilian Letters,6.1,740,122,crime
Laws of Man,5.2,1000,98,crime
Dead Wrong,3.9,259,104,crime
Sorgavaasal,6.6,1400,138,crime
Broken Rage,6.1,1400,62,crime
Boundless,5.6,1900,121,crime
Saripodhaa Sanivaaram,7.0,9100,166,crime
The Pee Pee Poo Poo Man,8.1,27,79,crime
To a Land Unknown,7.3,508,105,crime
Freedom,5.9,1400,110,crime
Untamed Royals,4.6,642,99,crime
Jailbreak: Love on the Run,6.4,3200,88,crime
First Shift,4.5,2000,89,crime
Hijack 1971,6.8,3300,100,crime
Io e te dobbiamo parlare,4.2,267,95,crime
In Her Place,6.2,1500,96,crime
Bhakshak,7.2,7200,134,crime
Sheriff,6.9,1100,133,crime
Here Now,4.9,419,118,crime
Kahar: Kapla High Council,6.9,465,102,crime
How to Rob a Bank,6.6,4200,88,crime
The Sabarmati Report,6.4,24000,127,crime
Crescent City,3.9,1400,103,crime
In Youth We Trust,6.7,443,132,crime
Kingsmen,6.3,48,72,crime
Strangers,4.3,390,106,crime
Gumasthan,5.8,520,145,crime
Hellhound,4.3,507,103,crime
Bloodline Killer,3.8,4400,105,crime
Nice Girls,4.2,1200,92,crime
Vettaiyan,7.0,39000,163,crime
Wanted Man,4.8,2600,85,crime
Ferry 2,5.6,3800,94,crime
The Lockdown,4.3,614,117,crime
Shoutai,6.9,581,120,crime
Raayan,6.5,11000,145,crime
Biggest Heist Ever,6.1,1500,85,crime
Rats!,6.6,129,85,crime
Two to One,6.1,731,116,crime
Dirty Money,5.6,141,100,crime
The Shameless,5.8,223,114,crime
Dirty Ice Cream,4.4,123,47,crime
Auron Mein Kahan Dum Tha,6.5,41000,150,crime
Belle,5.8,65,100,crime
Dengeler,5.3,214,123,crime
The Birds Who Fear Death,9.2,73,102,crime
Citizen of a Kind,6.7,830,114,crime
Serpent's Path,5.8,289,112,crime
A Place Called Silence,6.4,1300,119,crime
Loverboy: Emoties Uit,6.4,523,98,crime
Amish Affair,5.5,201,86,crime
Peg O' My Heart,6.2,132,97,crime
Mission: Cross,6.1,2600,105,crime
Faultline,5.7,102,92,crime
Phir Aayi Hasseen Dillruba,5.8,6800,132,crime
GTMax,5.0,1300,100,crime
Last Known Location,6.1,1400,110,crime
Svemu dodje kraj,6.5,325,89,crime
Havnaa,7.2,246,110,crime
Roadkill,3.7,687,90,crime
They Called Him Mostly Harmless,5.9,3200,89,crime
Conquer: Lahad Datu,6.6,520,120,crime
Tillu Square,6.6,3400,137,crime
Miséria,5.3,101,99,crime
Octopus with Broken Arms,6.1,270,109,crime
Nefarious,7.1,56,85,crime
The Park Maniac,4.8,1600,103,crime
Kaulayaw,4.1,167,95,crime
Anand Sreebala,6.6,2400,134,crime
Sons of Rizk 3,6.7,1700,125,crime
Scorched Earth,6.7,550,101,crime
The Final: Attack on Wembley,6.3,2500,82,crime
Rautu Ka Raaz,6.3,2000,114,crime
Borderless Fog,5.2,1300,110,crime
Abraham Ozler,6.6,4200,143,crime
The Smile Man,7.5,1500,122,crime
She's Got No Name,7.0,50,150,crime
Nunakuzhi,6.8,3000,125,crime
Road to Terzetto,7.2,36,96,crime
The Moon Thieves,6.1,254,108,crime
Bermondsey Tales: Fall of the Roman Empire,4.3,193,99,crime
Papa,7.5,327,131,crime
Cravings,1.7,10,155,crime
10 Days of a Curious Man,5.7,1300,110,crime
Visfot,5.7,1200,130,crime
Sayara,5.7,279,98,crime
Ghost Killer,7.0,77,105,crime
Crisis Negotiators,6.7,719,120,crime
Baby Assassins: Nice Days,7.3,308,103,crime
A Gangster's Kiss,4.7,47,81,crime
The Hostage,6.0,11,87,crime
Lady Scorpions,3.6,369,101,crime
Red Night at Skye's,6.3,10,82,crime
The Kingdom,7.7,93,133,crime
Mirza: Part 1 - Joker,6.8,241,165,crime
Love You to Debt,6.2,760,135,crime
Little Jaffna,6.9,46,100,crime
"Rajagunj: Pooja, Sir",6.3,739,115,crime
Mr. Bachchan,3.6,5300,150,crime
The Experts,6.1,283,121,crime
Go for Broke,5.7,272,115,crime
Vina: Before 7 Days,5.4,593,100,crime
Dhakshina,5.4,5200,107,crime
Una ballena,6.1,77,108,crime
The Truth vs. Alex Jones,7.5,3000,121,crime
The Girl Who Wore Yellow Lace,4.5,22,82,crime
Nirangal Moondru,6.1,537,122,crime
Le Mohican,7.0,154,87,crime
Murder and Cocktails,3.9,363,88,crime
Midas,4.7,340,85,crime
Nahir,4.7,1100,122,crime
(Pri)sons,5.0,276,100,crime
Passages of Nexus,5.6,262,108,crime
The Plot,4.8,383,100,crime
Krista,5.7,50,58,crime
Chris Brown: A History of Violence,5.4,319,82,crime
Jersey Bred,4.4,71,92,crime
Harom Hara,6.6,3000,154,crime
A Brothers Bond,5.2,43,103,crime
Killer Babes,3.5,286,94,crime
Hit List,5.5,313,125,crime
No Cap,5.6,38,108,crime
Operation Raavan,7.8,1200,147,crime
"MoviePass, MovieCrash",6.7,2800,96,crime
Bunny & Clive,2.3,23,76,crime
Dandupalayam,5.5,1200,137,crime
Bangkok Breaking: Heaven and Hell,5.8,671,146,crime
Quotation Gang Part 1,8.8,21,118,crime
Cookster: The Darkest Days,8.2,40,119,crime
Siren,6.4,2900,154,crime
Unspoken,8.2,46,120,crime
The Heist,6.9,2000,120,crime
"LSD 2: Love, Sex Aur Dhokha 2",3.8,2800,119,crime
Hunt the Wicked,5.3,114,102,crime
Bars,5.8,23,135,crime
Final Heist,4.4,153,83,crime
Samandar,7.7,140,172,crime
Illusions for Sale: The Rise and Fall of Generation Zoe,6.2,645,107,crime
The Actor,3.4,733,128,crime
Metamorfosi dell'essere,7.3,82,105,crime
Drive,5.6,335,90,crime
Valley of the Shadow of Death,5.1,15,84,crime
Kondal,5.4,775,147,crime
Silence 2: The Night Owl Bar Shootout,6.2,1900,142,crime
ChiefsAholic: A Wolf in Chiefs Clothing,6.2,379,121,crime
The Epidemic,5.8,71,95,crime
Oppa,8.5,47,84,crime
Plastic Guns,6.3,624,95,crime
Fyre Rises,6.5,323,110,crime
They Turned Us Into Killers,2.7,255,86,crime
Bhaje Vaayu Vegam,6.1,762,136,crime
Andhagan,6.6,1200,142,crime
Silver Star,7.1,16,102,crime
Zebra,7.2,3200,164,crime
PT Sir,6.8,1700,130,crime
Silvio,3.0,515,114,crime
Gde nashi dengi?,4.9,38,76,crime
Scopophobia,5.8,55,100,crime
Where Is Gilgamesh?,9.0,607,90,crime
Filthy Animals,7.3,91,96,crime
Prepare to Die,4.6,236,93,crime
Sattam En Kaiyil,8.0,2200,124,crime
Tòkunbò,3.9,296,113,crime
Red,4.5,99,114,crime
Blackia 2,6.0,126,132,crime
"Hemet, or the Landlady Don't Drink Tea",4.3,88,89,crime
Diddy: Summit to Plummet,2.3,203,60,crime
Sinful Lies,6.9,8,65,crime
Bastar: The Naxal Story,6.4,3300,124,crime
The Mick and the Trick,4.9,77,96,crime
Guess Who,4.8,368,93,crime
9 Windows,3.6,310,82,crime
Satyabhama,5.9,1500,132,crime
Troll Factory,5.8,470,109,crime
The Seven Sorrows of Mary,6.6,35,98,crime
The Desperate Chase,5.5,60,110,crime
Poslednji strelac,5.5,260,90,crime
Matka,4.7,586,156,crime
Gangs of Godavari,5.0,909,165,crime
The Shakedown,5.0,309,104,crime
Shu Si Yi Bo,6.7,34,91,crime
The Shadow,6.5,265,90,crime
Ballistic,2.2,161,95,crime
Un homme en fuite,5.4,160,106,crime
DNA,5.1,210,156,crime
Young Lion of the West,5.2,108,93,crime
Yalakunni,8.8,167,135,crime
RapeD,7.0,28,105,crime
Dead Man,5.1,207,109,crime
Mathu Vadalara 2,7.0,1700,139,crime
Vares X,3.7,123,85,crime
Saindhav,5.1,1600,138,crime
The Worst Man in London,5.7,146,127,crime
The Waterboyz,7.8,86,89,crime
Hustlers Take All,5.5,82,106,crime
High Forces,5.7,531,119,crime
Formed Police Unit,4.6,479,120,crime
Sous écrous,5.4,59,111,crime
The Infallibles,4.8,758,99,crime
Shakhahaari,7.5,1300,145,crime
RTI,5.9,26,130,crime
Chameleon,5.8,31,133,crime
Estômago II: O Poderoso Chef,5.8,326,131,crime
Rebel,3.2,66,100,crime
One Last Time,7.0,15,82,crime
Unknown Caller,7.0,29,63,crime
Wannabe,4.6,126,102,crime
Yevam,5.8,1500,123,crime
Remember Us,6.2,40,96,crime
Raja Rani,9.3,101,134,crime
S.I.T,6.7,2300,110,crime
Blood and Black,7.4,1100,88,crime
Bozji gnjev,7.2,59,111,crime
Danger in the Dorm,5.0,154,86,crime
Cursed in Baja,6.9,25,80,crime
Overdose,9.1,52,135,crime
Castillo,8.1,33,128,crime
Gam Gam Ganesha,5.3,310,140,crime
Desperado,5.9,144,100,crime
Piano Love,5.8,15,96,crime
The Unwavering Brotherhood,5.3,80,94,crime
Suspect,4.5,82,94,crime
Texas Twister,2.5,158,88,crime
Prasanna Vadanam,6.6,538,146,crime
Nastupit leto,6.4,37,94,crime
Cry of Silence,6.2,73,116,crime
Bodiless,5.7,1000,90,crime
Bond of Justice: Kizuna Part I - Encounter,6.2,18,92,crime
Breaking the Silence: The Maria Soledad Case,6.3,521,95,crime
Pattaya Heat,5.6,224,117,crime
Mudo Kannu,6.6,2100,100,crime
The Star City Murders,4.2,143,79,crime
Green Bones,7.7,191,96,crime
Chor Dil,7.4,38,135,crime
The Texas Cheerleader Murder Plot,5.0,297,100,crime
Dream Team,5.2,60,91,crime
Con Queens,6.2,19,80,crime
Shadows of Betrayal: Chronicles of Ian Blair,7.3,12,65,crime
The Murder of Sandra Rivett,6.3,145,90,crime
Untold: The Murder of Air McNair,5.6,2100,57,crime
Angry Squad: Civil Servants & Seven Swindlers,7.9,46,120,crime
Oru Nodi,6.7,504,128,crime
Uninvited,6.3,80,93,crime
Beneath the Fold,7.2,27,80,crime
Reloaded 2,7.7,1100,45,crime
Swing Bout,8.7,175,90,crime
Shivam Bhaje,7.8,3000,121,crime
Killerwood,7.3,30,84,crime
Kokuhaku Confession,5.6,151,74,crime
Rakshana,5.4,1100,139,crime
Taxali Gate,6.6,118,95,crime
Priyo Maloti,6.7,190,119,crime
Cafe 404,7.3,38,93,crime
Risky Business,7.1,102,107,crime
Marine Drive,9.5,50,105,crime
Wieczór kawalerski,4.8,437,85,crime
Kiss of the Con Queen,7.2,28,117,crime
Best Man Dead Man,7.2,14,83,crime
Sentimentaaal,5.3,977,135,crime
The Bitter Sugar,6.8,9,92,crime
Hovering Blade,6.1,237,107,crime
What Happens in Miami,4.3,220,90,crime
Plea,6.9,24,88,crime
Martingale,5.4,105,103,crime
Accident or Conspiracy: Godhra,7.4,783,133,crime
Vivekam,8.2,308,104,crime
Pathological: The Lies of Joran van der Sloot,6.5,347,93,crime
Tiger Wolf Rabbit,6.2,508,126,crime
La mort viendra,6.0,42,101,crime
Brattt,4.7,67,117,crime
Second Life,6.7,49,105,crime
Holiday Hold-Up,5.6,69,89,crime
Chithini,6.0,551,151,crime
Kaliyugam Pattanamlo,6.6,2200,150,crime
Kala Ratri,6.8,15,122,crime
Rob N Roll,6.1,1500,98,crime
Bheema,5.8,955,148,crime
Kingdom Reign,8.4,38,119,crime
Dark World,4.9,15,135,crime
The Donor,9.0,9,23,crime
Vojna policajtov,6.5,339,150,crime
Raavsaheb,8.4,7,138,crime
"Bullets, Brothers and Blood",7.8,15,85,crime
Dark Deceptions,6.2,36,82,crime
Killcon,9.5,14,31,crime
Maven,9.4,44,135,crime
Villain - Life of a Gangster,8.9,157,141,crime
The Legend of the Vagabond Queen of Lagos,7.8,37,100,crime
Gold Boy,6.5,134,129,crime
Thirumbipaar,6.0,239,101,crime
Protein,6.5,64,100,crime
Pungut,6.9,12,100,crime
Hain,2.9,45,95,crime
Money No Enough 3,6.0,264,138,crime
Dickweed,7.1,36,90,crime
CHAAW: Chapter 3 - Christmas Time Is Here,7.9,475,72,crime
GATAO: Like Father Like Son,6.7,72,100,crime
Suspicion,3.6,211,115,crime
Lipstick,6.4,28,145,crime
Raktaksha,8.1,1400,118,crime
Nico,8.3,46,109,crime
Valleyheart,8.8,37,98,crime
Blood Dried Hands,5.4,36,115,crime
Whatever It Takes,8.3,14,93,crime
4N6,9.6,62,117,crime
Thankamani,4.6,229,156,crime
Abudeka Is Back,5.3,35,120,crime
State of Silence,6.5,110,80,crime
Abnormal: Buas,5.6,26,90,crime
Niyathi,6.8,172,113,crime
Housekeeping,6.0,41,98,crime
Landkrimi: Steirergift,6.4,68,90,crime
Crime Reel,7.5,141,111,crime
Tiempo de Pagar,7.4,48,63,crime
Chitram Choodara,4.6,15,127,crime
Charlotte Link - Ohne Schuld,5.5,41,89,crime
A Place Under the Sun,9.2,35,110,crime
Meitantei Conan Bâsasu Kaitô Kiddo,6.1,162,81,crime
Pepe,5.0,493,126,crime
Nasha Jurm Aur Gangsters,6.6,2600,137,crime
Secret Home,8.3,148,117,crime
The Victims,5.8,85,99,crime
Bury Him,7.4,13,88,crime
Gossip to Die For,5.3,82,94,crime
Nelma Kodama: The Queen of Dirty Money,5.5,185,94,crime
Porch Pirates,5.0,104,107,crime
Who Killed Angel Adams?,6.3,24,76,crime
Snowstorm,4.5,6,91,crime
ONENESS,9.3,18,115,crime
Thozhar Che Guevara,5.1,37,120,crime
Supplier Shankara,9.3,71,163,crime
Dream Lock,8.6,21,100,crime
The Stix,7.3,33,123,crime
Three Old Boys,4.8,97,108,crime
The Good Loan Sharks,5.0,75,122,crime
My Home Hero the Movie,6.1,8,117,crime
Game Over,5.7,20,74,crime
Common Sense,2.5,20,68,crime
Lipstick on the Glass,4.6,12,116,crime
Anyone Else But Me,7.0,153,95,crime
The Bodyguard,6.6,31,87,crime
Kurukku,6.6,532,109,crime
Lorry Chapter-1,5.7,2400,183,crime
Aranam,7.5,402,127,crime
Welcome to the Game,5.9,64,90,crime
Diari de la meva sextorsió,6.5,53,64,crime
Historias invisibles,6.4,27,110,crime
Paarijathaparvam,6.2,2300,133,crime
Nietzsche's Umbrella,8.7,21,86,crime
Maloney - Die ersten drei haarsträubenden Fälle,6.7,76,98,crime
Murder in a Teacup,6.3,149,93,crime
Uno Sir,6.4,44,106,crime
Searching for Amani,7.9,31,80,crime
First Rites,7.0,5,114,crime
Routa,6.5,31,127,crime
G - 21 scener från Gottsunda,7.0,184,80,crime
Jama,6.3,16,71,crime
Ugravatara,7.9,552,122,crime
Orah,7.1,20,95,crime
Kiyma: Orman Kanunlari,4.5,36,81,crime
Muzhskoe slovo,6.5,462,94,crime
Muroi Shinji: Yaburezaru Mono,7.7,8,115,crime
"Milk, Rice, and the Blood",9.0,53,45,crime
A Valentine's Day,8.4,9,126,crime
The Dealer,8.3,12,120,crime
Jaspal,7.3,28,106,crime
Opportunity,8.9,91,96,crime
Theppa Samudram,7.4,1600,133,crime
Tschugger - Der Lätscht Fall,8.1,165,147,crime
Siragan,7.0,152,130,crime
Grey Games,8.8,1100,121,crime
Vergüenza,6.9,24,103,crime
Myall Creek Day of Justice,6.4,17,78,crime
Atlanta 10.02,5.3,14,45,crime
The Housewife and the Hustler 2: The Reckoning,6.5,44,94,crime
Salvajes,5.6,60,90,crime
Haunting Trophies,7.7,66,150,crime
Untouchable,4.5,88,112,crime
Rancor,7.0,34,83,crime
Laandhar,4.1,97,117,crime
Los Justos,6.4,74,79,crime
Hocus Focus,7.9,19,85,crime
Jog 101,6.6,497,107,crime
The Bottom Line,6.5,12,107,crime
Mukhya Gamanika,8.5,2100,125,crime
"Fallen Leaves, Broken Lighters",7.7,7,96,crime
Scapegoat,7.0,22,85,crime
Common Creed: Trafficking,6.7,8,106,crime
Malam Pertobatan,6.8,12,81,crime
Aaro,4.5,13,120,crime
Gull Lake Vice II: The Delusion Continues,8.2,16,58,crime
Ingu Mirugangal Vaazhum Idam,6.2,14,108,crime
Lesní vrah,4.2,78,78,crime
Abduction Chronicles,8.4,36,126,crime
Yathabhava,8.3,28,127,crime
Below the Rim,5.0,16,89,crime
Break War,2.4,15,86,crime
Bigul,9.3,46,144,crime
Agontuk,5.5,23,125,crime
Walk the Line,5.5,94,115,crime
Rhino Man,8.8,42,96,crime
The London Underground Killer,4.7,92,91,crime
Gally Gang Stars,9.0,2000,157,crime
Blue Christmas,5.6,21,79,crime
"Compa, me gusta su vieja",5.6,21,86,crime
Jalandhara,9.2,545,110,crime
5D,8.2,578,129,crime
Blitz,7.2,8,6,crime
Chacaleria,8.1,419,116,crime
Vallavan Vaguthadhada,6.5,56,104,crime
Lolipop Gang,3.6,7,90,crime
Vengeful,6.1,18,100,crime
Don't Love,7.8,1500,177,crime
The Real Story of January 6: Part 2 - The Long Road Home,6.2,29,90,crime
Little Black Submarines,6.9,57,123,crime
Insurance Jimmy,6.5,149,110,crime
The Deal,8.5,26,130,crime
Passagrana,6.4,130,100,crime
Shina,7.5,7,98,crime
Die Bloedhonde,6.3,10,97,crime
Sangharshana,7.3,1600,102,crime
Rangeli,9.4,93,140,crime
Dai jia fa de ren,5.4,59,121,crime
Novyy god v Beryozovke,7.1,99,94,crime
Kaçkin,7.6,9,104,crime
Kunstroof,7.0,43,102,crime
Pinnil Oral,6.0,113,127,crime
AK47,7.2,14,146,crime
Koresha,3.0,63,86,crime
Guxim,7.7,34,75,crime
Above the Trees,6.5,14,125,crime
Leha,2.3,42,98,crime
What Lies Within,5.3,13,90,crime
SMB-plush presents trick or death,8.8,16,120,crime
La Tamalera,8.2,9,115,crime
Downfall of the Crypto King (theatrical feature),6.2,28,90,crime
Pink Butterfly,5.7,55,109,crime
Liebling Kreuzberg 2.0,5.1,50,89,crime
A Frozen Rage,5.4,47,115,crime
A Reel Heist,5.2,58,116,crime
Mun Kaupunki,6.6,22,105,crime
Beauty Grace Malice,7.6,44,81,crime
Yurka,4.0,30,85,crime
Mina and the Radio Bandits,7.3,44,110,crime
Sharma & Ambani,9.1,184,104,crime
Yaa Devi Sarva Bhuteshu,8.7,8,119,crime
Shades of Sapphire,7.8,9,77,crime
Ata Nirjon Duporiya,8.0,10,103,crime
Real Estate Sisters,4.8,17,84,crime
Dead Name,9.0,11,84,crime
Thirsty for Likes,4.0,38,46,crime
Spending Some Time Together,6.9,28,146,crime
No Loose Ends,6.7,9,68,crime
Who Do You Trust?,3.6,40,96,crime
Bayamariya Brammai,8.8,25,88,crime
7vens Law,9.4,20,68,crime
Conviction,7.0,36,97,crime
Vrutos,8.4,9,100,crime
Netru Indha Neram,5.5,136,140,crime
Water Mafia,9.2,13,45,crime
Buenas noches,8.4,5,91,crime
Dheera Samrat,9.8,99,123,crime
Full Clip for a Snitch,3.6,19,75,crime
Give Me a Ride,5.0,16,102,crime
El Junior Del Patron,7.4,10,92,crime
Dawgz Life,8.2,12,143,crime
Slapes,6.8,31,82,crime
All Suspects,3.6,19,96,crime
So It Goes,3.3,19,77,crime
Namak,4.5,13,75,crime
Los Hijos De Camelia y Emilio,6.4,29,82,crime
Nacida Para Vengar,8.0,9,102,crime
Po du xing dong,6.8,5,79,crime
The AI Dharma Story,1.8,1100,89,crime
The Burned Hand,8.0,12,85,crime
The Kills,8.8,9,70,crime
Jimmy's Friends,7.0,11,94,crime
El Cartel De Teresa,8.0,9,96,crime
El Juego Del Poder,7.8,10,95,crime
Kenda,8.9,20,135,crime
Randa Ramphal,8.5,8,70,crime
Detroit Ransom,6.8,11,76,crime
Lealtad o Morir,8.2,9,87,crime
Der Wien-Krimi: Blind ermittelt - Tod im Palais,6.9,30,88,crime
Las Hermanas Del Cartel,8.2,5,91,crime
La Nueva Camelia,5.6,18,95,crime
Duelo De Capos,6.3,29,83,crime
Runnin' from Wolves,7.2,10,133,crime
Beautifully Broken People,8.9,9,75,crime
Cageling,5.9,8,69,crime
Mufasa: The Lion King,6.6,64000,118,family
Moana 2,6.6,102000,100,family
Flow,7.9,75000,85,family
Sonic the Hedgehog 3,6.9,60000,110,family
Paddington in Peru,6.7,21000,106,family
How to Make Millions Before Grandma Dies,8.0,15000,125,family
Transformers One,7.6,51000,104,family
Despicable Me 4,6.2,66000,94,family
The Day the Earth Blew Up: A Looney Tunes Movie,7.0,4300,91,family
Inside Out 2,7.5,217000,96,family
IF,6.4,58000,104,family
Kung Fu Panda 4,6.3,68000,94,family
Average Joe,4.3,577,100,family
The Garfield Movie,5.7,24000,101,family
My Penguin Friend,6.7,5200,97,family
Harold and the Purple Crayon,5.7,8400,90,family
Descendants: The Rise of Red,4.7,7100,91,family
Young Hearts,8.0,4800,99,family
Wallace & Gromit: Vengeance Most Fowl,7.5,35000,82,family
Spellbound,5.5,7400,109,family
The Forge,6.7,4900,124,family
Not Just a Goof,7.8,332,87,family
Hitpig,5.1,951,86,family
Piece by Piece,6.9,5500,93,family
Thelma the Unicorn,5.7,3000,93,family
Faith of Angels,5.8,233,98,family
Buffalo Kids,6.6,698,93,family
Unsung Hero,7.0,5000,113,family
Megamind vs. The Doom Syndicate,2.5,5600,83,family
Orion and the Dark,6.3,17000,93,family
Lost on a Mountain in Maine,6.1,1200,98,family
You Gotta Believe,5.8,1300,104,family
The Thundermans Return,5.0,1800,70,family
That Christmas,6.8,17000,91,family
Ultraman: Rising,6.9,6400,117,family
A Carpenter's Prayer,6.2,95,91,family
Woody Woodpecker Goes to Camp,4.5,2600,100,family
Saving Bikini Bottom: The Sandy Cheeks Movie,3.7,3900,82,family
Big World,7.3,1300,131,family
10 Lives,5.9,1900,88,family
Doraemon the Movie: Nobita's Earth Symphony,6.6,1500,115,family
Chuck Billy and the Marvelous Guava Tree,7.4,1000,90,family
200% Wolf,5.9,1300,98,family
Meiyazhagan,8.4,14000,177,family
Panda Plan,5.1,1300,99,family
The Tiger's Apprentice,5.7,2200,84,family
Bambi: A Tale of Life in the Woods,5.7,177,78,family
Panda Bear in Africa,5.5,349,84,family
Woodwalkers,5.3,440,103,family
Autumn and the Black Jaguar,5.6,1000,100,family
Crayon Shin-chan: Ora's Dinosaur Diary,6.5,363,106,family
Bibi Rajni,8.5,723,143,family
A Brother and 7 Siblings,8.6,1200,129,family
Super-Charlie,5.8,124,80,family
Runt,6.4,531,91,family
A Sloth Story,5.6,206,90,family
Mountain Boy,8.4,26,93,family
Rebellious,6.0,196,94,family
And the Breadwinner Is...,6.7,265,123,family
Ryan's World the Movie: Titan Universe Adventure,1.8,691,80,family
The Night Before Christmas in Wonderland,6.3,519,80,family
Man and Witch: The Dance of a Thousand Steps,5.5,333,94,family
Elli and the Ghostly Ghost Train,5.1,101,86,family
Noah's Ark,4.3,663,96,family
The Groomsmen: First Look,6.1,390,82,family
Savages,6.8,343,87,family
Dongeng Sang Kancil,6.7,177,99,family
2nd Miracle in Cell No. 7,7.7,244,147,family
A Sudden Case of Christmas,5.1,1100,91,family
Home Sweet Loan,8.1,945,112,family
Bila Esok Ibu Tiada,6.7,323,104,family
Der Buchspazierer,7.2,401,98,family
Fear,8.4,2800,115,family
Marry Christmas,6.7,61,85,family
Robin and the Hoods,4.3,512,100,family
Gracie and Pedro: Pets to the Rescue,5.1,276,87,family
School of Magical Animals 3,5.8,315,105,family
Return to Wickensburg,5.0,30,88,family
Big City Greens the Movie: Spacecation,6.2,545,83,family
The Neon Highway,6.0,492,113,family
Believe in Christmas,6.1,829,90,family
A Nashville Wish,5.7,93,102,family
Living Large,7.0,126,80,family
Babah,6.7,170,129,family
No Time to Spy: A Loud House Movie,6.4,450,81,family
Disaster Holiday,4.8,705,93,family
Kvitebjørn,5.9,62,85,family
Dalia y el Libro Rojo,6.5,95,107,family
Father There is Only One 4,5.2,619,90,family
The Primrose Railway Children,5.0,144,81,family
Rajkumar,7.4,2700,145,family
Like a Rolling Stone,7.7,453,106,family
Brewster's Millions: Christmas,5.6,190,100,family
Rally Caps,5.5,140,100,family
"Die Heinzels: Neue Mützen, Neue Mission",6.4,92,76,family
Kattis Gang,5.7,415,144,family
Cup,8.6,71,146,family
Rajakili,6.7,589,122,family
My Freaky Family,6.3,407,86,family
Ghost Cat Anzu,6.5,779,97,family
My Oni Girl,6.0,1800,112,family
"Maya, donne-moi un titre",6.4,54,61,family
14 Days Love,7.6,10,112,family
Going Viral,6.9,53,90,family
SuperKlaus,4.3,202,88,family
Paper Flowers,8.8,34,100,family
Juliette au printemps,6.4,262,95,family
Heartsping : Teenieping of Love,7.1,24,0,family
The Snow Sister,7.0,2100,96,family
Diplodocus,6.3,179,90,family
Guest from the Future,6.0,1200,141,family
"Love, Sitara",5.3,297,105,family
Victoria må dø,5.9,364,85,family
Gharat Ganpati,7.9,503,139,family
Si Juki the Movie: Harta Pulau Monyet,6.0,121,107,family
Storm Crashers,6.2,565,88,family
Super papa,5.2,121,90,family
The Casagrandes Movie,5.6,667,89,family
Sabari,6.5,5400,129,family
Treasure Trackers,5.8,163,92,family
The Proud Princess,6.7,113,84,family
Grrr...,4.0,815,121,family
Ole Aale,8.7,409,142,family
Singapore Saloon,6.0,1200,137,family
Luigi's Mansion,6.0,17,60,family
Børnene fra Sølvgade,7.6,98,102,family
The Lost Tiger,7.9,45,90,family
Skelly,5.5,92,85,family
Hashtag Tadev lagnam,6.5,147,118,family
Grüsse vom Mars,7.4,31,85,family
Die Chaosschwestern und Pinguin Paul,5.7,68,100,family
Nintama Rantaro Dokutake Ninja-tai Saikyou no Gunshi,7.1,22,90,family
Bremenskie muzykanty,4.7,673,115,family
Véletlenül írtam egy könyvet,7.7,318,98,family
Nadanna Sambhavam,5.8,1400,120,family
Krispy Rishtey,6.5,70,133,family
Dedh Bigha Zameen,6.9,751,100,family
Peppa's Cinema Party,4.9,155,65,family
The Land of Morning Calm,6.2,26,113,family
Aanandhapuram Diaries,7.0,2500,115,family
Dog Days,6.7,315,120,family
Superkrachten voor je hoofd,7.3,197,92,family
Daye: Seret ahl el Daye,7.9,17,104,family
Too Old for Fairy Tales 2,4.8,403,95,family
The Big Trip 3: Race Around the World,5.6,59,85,family
Zak & Wowo: The Legend of Lendarys,5.7,98,85,family
Windcatcher,5.3,407,80,family
Niko: Beyond the Northern Lights,6.2,335,86,family
Vishesham,6.7,1400,136,family
Stinky Summer,5.6,51,90,family
Dance Rivals,6.0,71,93,family
Powder Pup,6.2,76,89,family
Bayramlik,4.8,51,114,family
The Legend of Catclaws Mountain,3.5,171,104,family
Juf Braaksel en de Geniale Ontsnapping,4.1,55,83,family
Saint Nick of Bethlehem,9.2,101,93,family
The Adventures of Jurassic Pet: Return to the Wild,5.4,65,90,family
Sunny,6.8,31,122,family
Dear Family,6.8,61,116,family
Little Emma,5.9,114,106,family
Gowri,7.4,4100,130,family
My Redneck Neighbor: Chapter 1 - The Rednecks Are Coming,5.7,9,74,family
Ghudchadi,4.2,556,113,family
The Lamb,6.8,33,85,family
Spirit of Friendship,4.3,75,85,family
Magic Beach,5.5,58,80,family
Askepote,3.5,83,72,family
Captain Avispa,5.8,178,96,family
Yolki 11,4.7,170,92,family
De Bellinga's: Pretpark op stelten,3.1,125,70,family
Luv Ki Arrange Marriage,3.9,4500,135,family
Daaru Na Peenda Hove,7.6,2300,111,family
Carol,8.3,48,115,family
LasseMajas detektivbyrå - Maskoten som försvann,6.0,60,90,family
For Prophet,5.5,105,105,family
Thookudurai,4.3,2300,125,family
Christmas Carole,4.2,92,93,family
Mansarra,7.8,21,138,family
Håkan Bråkan 2,5.4,135,92,family
Sieger Sein,6.5,182,119,family
A Holiday for Harmony,3.6,37,120,family
Joy of Horses,5.8,166,90,family
Chicken Coop,5.8,88,98,family
Domovyonok Kuzya,6.5,823,90,family
G for Gap,7.1,558,103,family
Il migliore dei mali,7.7,7,90,family
Mees Kees op eigen benen,6.1,36,82,family
Letuchiy korabl,3.8,298,100,family
DeAr,5.1,1300,132,family
Planet 7693,7.6,70,110,family
Woof Woof Daddy,6.2,44,105,family
Chithini,6.0,551,151,family
Tri kota. Zimnie kanikuly,6.5,31,65,family
Wonderful Precure! The Movie! Doki Doki Game no Sekai de Daiboken,7.0,35,71,family
Masha i Medved v kino: Park chudes,7.6,17,58,family
Dikkie Dik 2: Een Nieuwe Vriend voor Dikkie Dik,7.4,72,70,family
A Hero's Journey: The Making of Percy Jackson and the Olympians,7.4,250,50,family
Brother,6.2,2300,140,family
The Magic Penguin,3.7,28,89,family
Mr. Santa: A Christmas Extravaganza,8.4,18,98,family
Kardes Takimi,3.5,555,95,family
Wedding Diaries,8.9,2000,121,family
Vaar Tahevaar,8.0,280,127,family
A Christmas Miracle,6.0,66,88,family
Baba Yaga spasaet Novyy god,4.4,116,99,family
"Robotia, the Movie",7.7,29,86,family
Yaren Leylek,5.9,28,95,family
Bob a Bobek ve filmu: Na stope Mrkvojeda,7.5,28,80,family
CBeebies Panto: Beauty and the Beast,7.8,16,73,family
Gina,7.4,25,100,family
Ducobu passe au vert!,4.0,131,90,family
Tri bogatyrya. Ni dnya bez podviga,5.7,70,61,family
Igrisca ne damo!,7.0,27,79,family
Paagal vs Kadhal,9.0,2100,111,family
Double Tuckerr,4.9,1200,120,family
Inanimate Insanity II: The Movie,8.4,233,106,family
Little Town,6.8,11,90,family
"Akiko, der fliegende Affe",8.3,15,70,family
Vikaasaparva,8.7,541,134,family
Baii Ga,4.3,62,134,family
Uma & Haggen: Mitos,7.3,47,94,family
De Grote Sinterklaasfilm - Stampij in de bakkerij,3.0,76,75,family
Obraz,7.6,17,95,family
Dikkie Dik en de Verdwenen Knuffel,7.3,130,62,family
Amaltash,8.1,149,113,family
Tartinijev kljuc,7.8,21,115,family
Ognivo,5.5,227,105,family
Rocket Club: Across the Cosmos,8.4,19,68,family
BeBe Winans' We Three Kings,6.9,129,90,family
Padmavyuham Lo Chakradhari,7.4,1700,110,family
Mastaani,9.1,27,150,family
Nature Cat's Nature Movie Special Extraordinaire,7.3,19,53,family
The Secret of Pin-Up Island,7.4,92,107,family
The Hedgehog,6.6,676,104,family
Double Engine,5.6,115,106,family
Miracle Mile,8.8,28,82,family
Our Church Thinks We're Dating,7.5,59,102,family
Moy dikiy drug,6.5,58,100,family
Hope's Hollywood Christmas,8.9,28,90,family
Last Defenders of Monogamy,5.3,387,84,family
Al Eid Eiden,5.8,13,110,family
Oyunda Kal: Eglence Arenasi,2.6,36,92,family
Pui Pui Molcar the Movie: Molmax,7.0,9,69,family
Porch Pirates,5.0,104,107,family
Chhota Bheem and the Curse of Damyaan,4.8,2300,145,family
Laggam,8.4,5100,130,family
Idu Entha Lokavayya,6.6,7,120,family
Kaagada,8.1,14,149,family
Ne odna doma,4.1,82,79,family
Oti Uttam,5.1,203,137,family
Haydi Tut Elimi,6.9,27,113,family
De Club van Sinterklaas Film: Het Grote Sneeuwavontuur,5.8,50,79,family
Animal Tales of Christmas Magic,6.8,51,72,family
Our Christmas House,5.5,46,77,family
Titip Surat Untuk Tuhan,6.5,42,81,family
Smotri na menya!,5.7,71,120,family
Vozvrashchenie popugaya Keshi,4.2,61,93,family
Steal the Naughty List,6.4,120,90,family
Palayam PC,5.1,138,118,family
Petualangan Anak Penangkap Hantu,6.0,25,99,family
Manyunya. Priklyucheniya v derevne,5.8,121,84,family
Eine zweite Chance,8.6,45,91,family
Feather Christmas,5.2,120,94,family
My Dear Donga,5.7,160,132,family
Give You a Candy,5.4,14,134,family
Vasilisa i khraniteli vremeni,3.1,69,98,family
My Dad Is an Alien,8.0,19,96,family
Max und die wilde 7: Die Geister-Oma,6.2,46,90,family
Indonesia dari Timur,7.8,5,112,family
Manyunya. Priklyucheniya v Moskve,5.8,111,87,family
Iyunskaya polyn,8.5,6,79,family
Piraty galaktiki Barrakuda,4.5,82,92,family
Troy the Bharat Putra,5.5,31,134,family
Awesomest Christmas Ever,7.0,22,78,family
"7 dney, 7 nochey",6.4,404,98,family
Chitti - Potti,9.1,1700,150,family
Give 'Em Hell Honey!,5.6,12,94,family
Semeynyy perepolokh,4.9,60,87,family
Arne Alligator och djungelkompisarna,4.6,48,61,family
De Legende van Familie Vos,5.7,59,81,family
"Merry Birthday, Happy Christmas",4.8,114,84,family
Suvorovets 1944,5.1,9,90,family
Malyshariki. Den rozhdeniya,5.8,28,52,family
Scooped,5.2,45,84,family
Day of the Diesels,7.7,10,100,family
Klaantha,6.2,518,107,family
Lek Asavi Tar Ashi,5.5,13,143,family
Heavens: The Boy and His Robot,6.3,22,98,family
Príncipe Lu e a Lenda do Dragão,4.2,27,90,family
Vovó Ninja,5.2,21,96,family
Tarpana,9.8,16,138,family
Novogodniy ekspress,9.2,6,47,family
Once Upon a Christmas,6.8,13,115,family
LUDA,7.2,6,86,family
A Game of Two Halves,7.3,24,100,family
Tayna Chyornoy Ruki,5.7,23,84,family
The Truth: The Journey Within,7.2,8,91,family
Prinsessa Pikkiriikki,6.1,39,75,family
Novyy god v Beryozovke,7.1,99,94,family
Omar v bolshom kino,5.8,26,86,family
Chitra,8.2,6,125,family
Khelaghar Bandhte Legechi,8.0,7,100,family
Uparwala & Sons,9.2,322,126,family
Fanzo Movie,7.9,10,104,family
Udanadi Mangalyam,2.9,24,90,family
Pinnil Oral,6.0,113,127,family
V banyu!,5.2,72,99,family
Moyo sobache delo,5.3,45,77,family
Person of the Year,5.8,11,100,family
Mezhdu nami,5.1,35,93,family
A House Without a Father,6.2,34,61,family
"Heinähattu, Vilttitossu ja kana",4.9,60,77,family
Iwájú: A Day Ahead,6.8,73,71,family
Gabru Gang,8.7,214,123,family
Vindu Bhojanam,7.2,54,103,family
Perfekta: Uma Aventura da Escola de Gênios,5.8,16,92,family
Kallu Compound 1995,8.0,2000,140,family
Childhood Tales,7.4,22,63,family
Papu mame zaverni,3.6,68,106,family
Princezna na hrásku,5.6,63,80,family
SDL A Batalha Musical,7.3,42,102,family
"Poymay sobaku, esli smozhesh",3.5,36,96,family
Kazhdyy mechtaet o sobake,5.2,33,90,family
Moy lyubimyy chempion,2.4,418,95,family
Fien & Teun Circus op de Boerderij,5.6,11,77,family
Mallemogga,9.0,11,132,family
Uzhaipalar Thinam,4.3,7,122,family
Salamat Rahe Dostana Hamara (SRDH),9.3,87,60,family
Odna doma. Velikolepnaya pyatyorka,4.1,39,85,family
YA - medved,5.0,61,97,family
Nebesko,5.2,10,73,family
Mukhadrakon,5.3,18,109,family
Skazochnyy patrul. Shou prodolzhayetsya,7.2,11,65,family
The Christmas Room,6.4,52,99,family
Novogodnee chudo,5.5,14,73,family
A Christmas Reunion,4.9,11,64,family
When the World Met Miss Probinsyana,9.5,43,155,family
Haddhu Ledhu Raa,7.3,2000,112,family
Neposlushniki,4.9,96,108,family
Santa's Chimney of Secrets,4.6,23,66,family
Let's Go! Anpanman: Baikinman and Lulun,6.5,7,64,family
Appa I Love You,8.7,543,145,family
Wholesome Grove,7.0,8,99,family
Bitva pap,4.4,25,79,family
Selebryata,3.8,20,93,family
Boom!,8.3,11,90,family
Korporatsiya Morozov,5.5,30,83,family
Gyakorlat teszi a mestert,6.1,15,46,family
Iyus Jenius,9.0,7,82,family
Borjatri,8.4,6,72,family
Beyaz Zenciler: Yapim Asamasi,8.6,5,55,family
Tui Ke Amar,6.6,6,114,family
Tomari Sathe,8.0,8,54,family
The Life of Chuck,7.6,581,110,sci-fi
The Substance,7.3,299000,141,sci-fi
Sonic the Hedgehog 3,6.9,60000,110,sci-fi
Y2K,4.8,14000,91,sci-fi
The Assessment,6.8,3500,114,sci-fi
Deadpool & Wolverine,7.6,493000,128,sci-fi
Alien: Romulus,7.1,245000,119,sci-fi
The Wild Robot,8.2,164000,102,sci-fi
Dune: Part Two,8.5,625000,166,sci-fi
Venom: The Last Dance,6.0,118000,110,sci-fi
Furiosa: A Mad Max Saga,7.5,285000,148,sci-fi
Transformers One,7.6,51000,104,sci-fi
Borderlands,4.7,48000,101,sci-fi
Subservience,5.4,28000,106,sci-fi
Despicable Me 4,6.2,66000,94,sci-fi
The Shrouds,6.0,1400,119,sci-fi
The Day the Earth Blew Up: A Looney Tunes Movie,7.0,4300,91,sci-fi
Madame Web,4.0,101000,116,sci-fi
Megalopolis,4.7,36000,138,sci-fi
Elevation,5.6,22000,91,sci-fi
A Quiet Place: Day One,6.3,150000,99,sci-fi
It's What's Inside,6.6,42000,103,sci-fi
Caddo Lake,6.8,42000,103,sci-fi
Godzilla x Kong: The New Empire,6.0,122000,115,sci-fi
Ghostbusters: Frozen Empire,6.1,94000,115,sci-fi
Kingdom of the Planet of the Apes,6.9,152000,145,sci-fi
Distant,5.7,3200,87,sci-fi
Spaceman,5.7,43000,107,sci-fi
Werewolves,4.4,6700,93,sci-fi
Survive,4.5,2600,90,sci-fi
Rich Flu,5.2,5900,116,sci-fi
Uglies,4.7,33000,100,sci-fi
Time Cut,5.0,19000,91,sci-fi
Slingshot,5.7,9600,108,sci-fi
Die Alone,5.7,3100,90,sci-fi
Atlas,5.6,56000,118,sci-fi
Arcadian,5.5,23000,92,sci-fi
Watchmen: Chapter I,7.0,6600,83,sci-fi
Apocalypse Z: The Beginning of the End,6.1,20000,117,sci-fi
Wallace & Gromit: Vengeance Most Fowl,7.5,35000,82,sci-fi
Kalki 2898 AD,7.0,67000,180,sci-fi
Sting,5.7,16000,91,sci-fi
Rebel Moon - Part Two: The Scargiver,5.3,59000,122,sci-fi
Afraid,5.2,14000,84,sci-fi
Love Me,5.1,2500,91,sci-fi
The Fix,4.6,1200,98,sci-fi
The End,5.5,1900,148,sci-fi
The Platform 2,4.9,40000,99,sci-fi
Things Will Be Different,5.2,2600,102,sci-fi
Alien: Rubicon,2.4,345,86,sci-fi
Watchmen: Chapter II,7.0,3100,90,sci-fi
Breathe,4.2,7200,93,sci-fi
Megamind vs. The Doom Syndicate,2.5,5600,83,sci-fi
Teri Baaton Mein Aisa Uljha Jiya,6.2,54000,141,sci-fi
V/H/S/Beyond,5.8,9500,114,sci-fi
Omni Loop,5.6,2900,112,sci-fi
Cora,4.6,881,104,sci-fi
The Thundermans Return,5.0,1800,70,sci-fi
The Greatest Hits,6.2,7400,94,sci-fi
Turn Me On,5.7,544,99,sci-fi
Justice League: Crisis on Infinite Earths - Part One,6.2,8500,93,sci-fi
Baby Invasion,4.6,472,80,sci-fi
Levels,5.0,1600,93,sci-fi
The Bunker,4.3,238,92,sci-fi
Justice League: Crisis on Infinite Earths - Part Three,6.1,4500,94,sci-fi
Badland Hunters,5.9,12000,107,sci-fi
Moon Maidens 2,3.5,39,69,sci-fi
Year 10,5.4,1900,96,sci-fi
My Hero Academia: You're Next,7.0,2200,110,sci-fi
Timestalker,5.5,3000,89,sci-fi
Code 8: Part II,5.7,16000,100,sci-fi
Ultraman: Rising,6.9,6400,117,sci-fi
Street Trash,4.5,858,85,sci-fi
The Empire,5.2,1200,110,sci-fi
The Silent Planet,4.8,238,95,sci-fi
Doraemon the Movie: Nobita's Earth Symphony,6.6,1500,115,sci-fi
Latency,4.2,2600,94,sci-fi
Babezilla vs the Cyber Skanks: Rise of MechaBabezilla,5.0,100,55,sci-fi
40 Acres,6.9,138,113,sci-fi
Mars,7.9,23,84,sci-fi
Wonderland,6.2,2300,113,sci-fi
Parallel,5.3,2000,88,sci-fi
Justice League: Crisis on Infinite Earths - Part Two,5.5,5400,94,sci-fi
Futra Days,4.1,147,99,sci-fi
Uranus 2324,6.4,4800,130,sci-fi
Ick,5.6,203,87,sci-fi
Alienoid: The Return to the Future,6.5,2600,122,sci-fi
South of Hope Street,6.2,1400,101,sci-fi
City Hunter,6.3,5600,102,sci-fi
Bloody Escape: Bats out of Hell,5.5,52,100,sci-fi
The Thinking Game,7.6,175,84,sci-fi
Arena Wars,4.8,2100,96,sci-fi
We're All Gonna Die,8.2,94,110,sci-fi
Sentinel,2.6,764,90,sci-fi
Agent Recon,2.4,678,85,sci-fi
Else,6.0,243,102,sci-fi
Last Night on Earth,4.7,364,86,sci-fi
Bade Miyan Chote Miyan,3.7,39000,163,sci-fi
Gaami,6.4,2000,147,sci-fi
Maid Droid Origins,3.0,322,96,sci-fi
Mars Has Eyes,1.7,7,70,sci-fi
Unspeakable: Beyond the Wall of Sleep,6.1,55,90,sci-fi
Boreal,4.6,49,82,sci-fi
Another End,6.5,757,129,sci-fi
Trapped Inn,2.7,916,115,sci-fi
Lesbian Space Princess,7.2,140,87,sci-fi
Reversi,7.3,196,135,sci-fi
Tales Beyond the Galaxy,4.6,183,76,sci-fi
Daniela Forever,6.2,225,113,sci-fi
"Canadian, Sniper",3.3,358,83,sci-fi
Fight Another Day,4.9,361,97,sci-fi
X Files,2.1,63,74,sci-fi
U Are the Universe,7.7,292,90,sci-fi
Alien Country,4.4,364,96,sci-fi
War of the Worlds: Extinction,3.0,208,84,sci-fi
Lumina,2.1,674,113,sci-fi
Drive Back,4.7,408,94,sci-fi
Previously Saved Version,5.4,423,117,sci-fi
Through the Door,3.9,80,70,sci-fi
Invasión,3.8,53,91,sci-fi
Planetquake,3.0,308,85,sci-fi
Meanwhile on Earth,6.0,917,89,sci-fi
Bionic,4.3,1700,110,sci-fi
Vampire Zombies... From Space!,7.7,86,98,sci-fi
Peripheral,9.4,23,88,sci-fi
Somnium,8.5,45,92,sci-fi
Can I Get a Witness,6.8,89,110,sci-fi
Black Eyed Susan,4.9,340,85,sci-fi
Psychonaut,7.6,14,87,sci-fi
Terminator: Skynet Rising,6.7,268,88,sci-fi
Escape from the 21st Century,6.5,891,98,sci-fi
Unexposed,7.7,70,63,sci-fi
Balestra,5.1,529,145,sci-fi
Justicia artificial,5.6,470,98,sci-fi
Planet B,5.2,180,118,sci-fi
Staycation,7.0,107,94,sci-fi
Big City Greens the Movie: Spacecation,6.2,545,83,sci-fi
The Invisibles,5.8,466,111,sci-fi
Black,7.1,2800,115,sci-fi
The Last Ronin,4.9,577,115,sci-fi
Light,2.7,1300,93,sci-fi
Desert Road,6.8,159,90,sci-fi
Test Screening,6.9,67,92,sci-fi
Adresi Olmayan Ev,6.6,55,96,sci-fi
No Time to Spy: A Loud House Movie,6.4,450,81,sci-fi
Tacoma,3.4,178,103,sci-fi
Tees,7.4,9,142,sci-fi
Replicator,3.8,135,75,sci-fi
UI,6.8,5700,135,sci-fi
Tim Travers & the Time Travelers Paradox,6.9,278,95,sci-fi
Good Neighbours,3.1,176,84,sci-fi
Alien Weekend,5.3,158,95,sci-fi
Sci-Fi Vixens from Beyond,4.0,46,74,sci-fi
S.T.A.L.K.E.R.: Shadow of the Zone,5.1,473,72,sci-fi
J Loop,5.2,197,99,sci-fi
Blink,7.0,1500,136,sci-fi
Quadrant,4.3,141,73,sci-fi
To the Journey: Looking Back at Star Trek: Voyager,9.6,11,109,sci-fi
Going Viral,6.9,53,90,sci-fi
www.RachelOrmont.com,3.8,35,80,sci-fi
Ayalaan,6.0,4000,155,sci-fi
Ghost Planet,4.8,270,85,sci-fi
Mobile Suit Gundam SEED Freedom,6.6,954,124,sci-fi
Space Command Redemption,4.5,154,122,sci-fi
UmroAyyar - A New Beginning,6.9,675,135,sci-fi
THEDÆMON,6.7,42,87,sci-fi
The Phantom Warrior,2.4,555,119,sci-fi
In Vitro,6.4,132,89,sci-fi
Guest from the Future,6.0,1200,141,sci-fi
You Are Not Alone,6.2,69,105,sci-fi
Kadaisi Ulaga Por,6.1,1200,140,sci-fi
Gaganachari,6.9,1100,115,sci-fi
Infinite Summer,5.4,92,86,sci-fi
Star Abyss,3.8,252,86,sci-fi
Earthquake Underground,3.3,197,83,sci-fi
Anunnakiler,2.5,454,76,sci-fi
Bureau 749,4.0,536,123,sci-fi
Double Ismart,2.9,2100,156,sci-fi
Oculus,6.0,15,113,sci-fi
Jon Vardar protiv Galaksijata,8.1,75,86,sci-fi
Aiden,2.6,125,74,sci-fi
Space Sharks,1.5,320,70,sci-fi
The Epidemic,5.8,71,95,sci-fi
Lunacy,5.0,62,77,sci-fi
How to Solve Your Own Murder,6.1,68,99,sci-fi
Saturn,7.5,30,100,sci-fi
The Dugout,5.4,759,114,sci-fi
Buddy,3.8,346,137,sci-fi
Red vs. Blue: Restoration,5.6,138,85,sci-fi
Mummy Shark,2.0,178,66,sci-fi
Buying Time,6.3,443,84,sci-fi
Honshin,6.1,29,122,sci-fi
Taklee Genesis x Worlds Collide,5.4,413,146,sci-fi
The Trail,7.8,37,80,sci-fi
Touchdown,6.8,14,78,sci-fi
Remnant,2.6,317,112,sci-fi
Guy Manley: Super Spy,4.5,118,92,sci-fi
Clone Cops,6.1,211,96,sci-fi
Mutant,4.5,59,90,sci-fi
Tokusou Sentai Dekaranger 20th: Fireball Booster,7.0,33,50,sci-fi
"Aire, Just Breathe",4.8,194,98,sci-fi
The A-Frame,7.2,38,82,sci-fi
Electric Child,6.5,69,118,sci-fi
Transformers Prime: Galavatron's Revenge,3.5,11,104,sci-fi
Tobias and the Arcane Merchant,9.0,43,167,sci-fi
Transient,6.5,367,96,sci-fi
Schirkoa: In Lies We Trust,5.6,158,103,sci-fi
Dragon Ball Z Kai,8.5,73,82,sci-fi
Agapouse ta louloudia perissotero,5.3,181,86,sci-fi
Night of the Skinwalkers,2.5,714,94,sci-fi
Ape X Mecha Ape: New World Order,2.8,135,87,sci-fi
Jurassic Triangle,2.5,282,84,sci-fi
Dead Dead Demon's Dededede Destruction,7.0,145,120,sci-fi
Indrani: Epic-1 Dharam vs Karam,7.6,1100,157,sci-fi
Biónica,6.8,13,82,sci-fi
Bury Your Dead,5.5,80,128,sci-fi
Miracle Mirrors,6.6,109,103,sci-fi
Captain Avispa,5.8,178,96,sci-fi
Future Date,5.6,127,82,sci-fi
SCP: The Infinite Mission,6.0,32,0,sci-fi
Fuuto PI: Portrait of Kamen Rider Skull,7.5,43,82,sci-fi
Dark Fusion,8.5,236,90,sci-fi
Neon Fear,5.8,556,40,sci-fi
ON i Ona,4.5,69,90,sci-fi
C'est le monde à l'envers !,5.4,98,114,sci-fi
The Deadly Swarm,2.5,189,81,sci-fi
Spark,5.3,51,110,sci-fi
Weapon,5.4,5500,120,sci-fi
Lunar Lockdown,5.2,78,99,sci-fi
Agrinai,8.0,66,93,sci-fi
Operation War Thunder,5.3,117,74,sci-fi
The Strange Dark,8.9,41,84,sci-fi
Addy Daddy,7.4,31,118,sci-fi
Daha Iyi Bir Yarin,6.7,64,108,sci-fi
Boomerang,7.4,406,134,sci-fi
Permafrost,5.7,115,80,sci-fi
Flashlight,4.2,11,77,sci-fi
Project Dorothy,3.9,3200,80,sci-fi
Rahasyam Idham Jagath,7.6,48,153,sci-fi
Ascension,3.9,27,97,sci-fi
Gravediggers,6.5,30,91,sci-fi
It All Comes with the Cold Water,8.4,149,88,sci-fi
Pandasaurus,3.4,55,78,sci-fi
Arctic Hollow,2.3,181,70,sci-fi
The Captives,3.5,66,73,sci-fi
Wonderful Precure! The Movie! Doki Doki Game no Sekai de Daiboken,7.0,35,71,sci-fi
Re:Human,5.8,40,108,sci-fi
Isleen Pines,5.7,728,84,sci-fi
Offworld: Alien Planet,3.5,112,92,sci-fi
The Alien Report,4.6,151,81,sci-fi
Aftermath,5.2,4400,78,sci-fi
Sign Here,6.2,245,100,sci-fi
Stock Shark,7.0,54,47,sci-fi
Alien Hunt,3.0,137,80,sci-fi
The Worlds Divide,8.1,39,120,sci-fi
Brush of the God,6.4,14,74,sci-fi
Franta mimozemstan,4.6,79,98,sci-fi
Mame snova 17,5.5,179,108,sci-fi
Abaddon's Pit,5.6,43,93,sci-fi
O Melhor dos Mundos,6.2,43,70,sci-fi
Touch,8.0,11,63,sci-fi
Quantum Suicide,6.3,18,87,sci-fi
Darshini,8.5,2100,120,sci-fi
Room 0,3.1,213,102,sci-fi
Dead Dead Demon's Dededede Destruction Zenpen,7.1,140,120,sci-fi
Raduaa Returns,5.3,72,137,sci-fi
Horse with No Name,7.8,14,72,sci-fi
Alien Love,5.3,54,75,sci-fi
Rani Rani Rani,6.8,24,97,sci-fi
Friends of Sophia,5.5,15,25,sci-fi
Kuramerukagari,5.8,82,61,sci-fi
Yesterday After Tomorrow,5.2,316,120,sci-fi
Code Geass: Rozé of the Recapture - Part 1,7.6,42,74,sci-fi
The Secret of Pin-Up Island,7.4,92,107,sci-fi
Day of the Clones,3.8,61,98,sci-fi
Replika,5.2,44,125,sci-fi
Mobile Suit Gundam: Silver Phantom,6.1,13,90,sci-fi
Our Man in L.A.,3.8,124,71,sci-fi
Soul Traveler (The Feature),4.2,22,96,sci-fi
Traces of Love,6.5,909,105,sci-fi
The Eye of the Salamander,7.9,20,81,sci-fi
Something in the Dark,7.2,22,87,sci-fi
Creep Encounters,5.9,65,90,sci-fi
Mama,8.5,7,100,sci-fi
Transmedium: Fastmovers & USOs,6.7,33,113,sci-fi
The Human Hibernation,6.4,64,90,sci-fi
Perspectiva,6.1,97,90,sci-fi
Adam i Eva,5.1,94,95,sci-fi
Be Forever Yamato: Rebel 3199: Part 1: Dark Invasion,7.0,9,50,sci-fi
Jurassic Exorcist,3.8,23,76,sci-fi
Kantil,3.8,6,120,sci-fi
Ogiva: O Mundo Não é Mais Nosso,5.8,33,80,sci-fi
Kohinoor,8.1,22,119,sci-fi
Iravin Kangal,8.1,171,116,sci-fi
Hinter dem Eisernen Horizont,7.8,14,88,sci-fi
Milestone,7.7,16,88,sci-fi
He Has Gone Rogue - The Return of Cyrus,8.8,32,60,sci-fi
Sith Wars: Episódio III - Fantasmas Dos Sith,8.6,115,99,sci-fi
Piraty galaktiki Barrakuda,4.5,82,92,sci-fi
The Washer,7.5,9,90,sci-fi
Video Vision,5.9,20,78,sci-fi
Back to 2005,8.3,45,88,sci-fi
The Choice,9.4,7,40,sci-fi
2015: Future Uncertain,6.9,17,72,sci-fi
Prishelets,5.5,157,73,sci-fi
Vstretimsya vchera,6.4,343,79,sci-fi
Adabana,6.4,7,118,sci-fi
Code Geass: Rozé of the Recapture: Part 2,7.8,28,76,sci-fi
Dead Talk Tales: Volume I,6.6,26,98,sci-fi
"The Girl, the Hunter & the Firefly",7.3,19,98,sci-fi
Heavens: The Boy and His Robot,6.3,22,98,sci-fi
Max Beyond,6.6,17,93,sci-fi
The Suit,4.3,6,90,sci-fi
Secret Within the Sphere,7.8,19,73,sci-fi
Kade,6.7,16,92,sci-fi
Shi Ren Yu,2.6,9,71,sci-fi
I 20,9.0,494,114,sci-fi
Quadrant: Noir Version,6.5,11,73,sci-fi
Untied,8.0,29,104,sci-fi
Tomorrow Is Another Dream,6.5,16,80,sci-fi
Astra,6.8,8,80,sci-fi
Waning Poetic,8.4,11,93,sci-fi
Hidden Memories,5.9,31,84,sci-fi
Through the Graves the Wind Is Blowing,7.1,70,80,sci-fi
The Uncertainty Principle,7.9,10,89,sci-fi
What Lies Within,5.3,13,90,sci-fi
Iron Nest of the Moon,7.6,13,70,sci-fi
Code Geass: Rozé of the Recapture: Part 3,7.4,25,76,sci-fi
Mertsanie,5.6,18,92,sci-fi
The Winter Prophecy,7.9,13,52,sci-fi
StarGazer: The Need of the Many,5.0,9,47,sci-fi
After Link,7.5,20,14,sci-fi
A Cápsula,7.0,6,92,sci-fi
Kyle and the Last Emerald 2,8.4,8,15,sci-fi
Best Cop Ever,4.3,49,122,sci-fi
Captain Corpse,7.6,10,105,sci-fi
The Blinkless,7.8,12,59,sci-fi
Zenith,6.0,29,74,sci-fi
Aliens Uncovered: UFOs Over Arizona,8.4,16,116,sci-fi
Isle: Alpha One,8.4,7,97,sci-fi
PW V: Tears of the Fallen,8.2,11,60,sci-fi
Trap,3.8,16,118,sci-fi
Demons vs. Ghosts,8.2,5,92,sci-fi
Code Geass: Rozé of the Recapture: Part 4,6.6,15,70,sci-fi
The Burned Hand,8.0,12,85,sci-fi
Morana,6.2,26,119,sci-fi
Someone Dies!,6.7,13,86,sci-fi
Tsena doveriya,5.6,28,83,sci-fi
Alien Love: Deleted Scenes,7.8,11,7,sci-fi
Gostya iz kosmosa,8.5,6,70,sci-fi
Gut Instinct,6.4,9,84,sci-fi
The Clashing Elements: Saviors of the Multiverse,7.2,9,91,sci-fi
Zen Fist,7.2,8,45,sci-fi
A Complete Unknown,7.4,76000,141,music
Better Man,7.6,27000,135,music
Maria,6.4,19000,124,music
Kneecap,7.6,18000,105,music
Bob Marley: One Love,6.2,35000,107,music
Descendants: The Rise of Red,4.7,7100,91,music
Back to Black,6.3,27000,122,music
The Marching Band,7.4,3000,103,music
Find Me Falling,6.3,13000,93,music
Midas Man,6.4,1600,112,music
Monsieur Aznavour,7.3,2400,133,music
The Piano Lesson,6.2,4900,127,music
Soundtrack to a Coup d'Etat,7.8,2900,150,music
The Greatest Hits,6.2,7400,94,music
Standing on the Shoulders of Kitties,6.2,575,111,music
This Is Me... Now,4.1,7100,65,music
Swamp Dogg Gets His Pool Painted,8.5,55,95,music
Stelios,7.3,1400,132,music
Doraemon the Movie: Nobita's Earth Symphony,6.6,1500,115,music
Yacht Rock: A Dockumentary,7.6,1800,95,music
GHOST: Rite Here Rite Now,8.6,2000,145,music
The Colors Within,7.1,982,101,music
Boléro,6.6,790,120,music
Avicii - I'm Tim,7.7,7000,95,music
Beatles '64,7.2,2500,106,music
The Greatest Night in Pop,7.9,15000,96,music
Pavements,7.1,167,128,music
Music by John Williams,8.2,4800,105,music
Música,6.4,5000,91,music
Off the Record,7.7,13,95,music
Given 3: To the Sea,8.9,68,80,music
The Extraordinary Miss Flower,7.1,21,73,music
Gloria!,6.6,995,106,music
Nova & Alice,6.1,311,110,music
Mogwai: If the Stars Had a Sound,7.7,83,92,music
Janis Ian: Breaking Silence,8.1,58,114,music
Luther: Never Too Much,8.1,848,101,music
Amar Singh Chamkila,7.8,16000,145,music
Ol' Dirty Bastard: A Tale of Two Dirtys,6.7,204,86,music
Elton John: Never Too Late,6.5,2000,102,music
Return of the King: The Fall and Rise of Elvis Presley,7.6,1900,90,music
"Disco, Ibiza, Locomia",6.0,1500,104,music
The Neon Highway,6.0,492,113,music
The Beach Boys,7.1,2100,113,music
I Am: Celine Dion,7.7,7900,103,music
Becoming Madonna,6.9,223,91,music
Movie Given Hiiragi Mix.,7.5,178,70,music
Beautiful Rebel,6.3,1000,112,music
Saturn Return,6.5,1200,109,music
Bocchi the Rock! Recap Part 1,7.5,172,90,music
Deaner '89,5.9,420,90,music
La Grande,9.0,40,95,music
The World According to Allee Willis,7.7,73,97,music
Oshi no Ko: The Final Act,6.8,131,129,music
Singing in My Sleep,5.2,101,92,music
Gaga Chromatica Ball,8.1,2000,117,music
Eno,7.9,306,85,music
Diane Warren: Relentless,7.5,63,91,music
Technoboys,5.2,975,109,music
Blur: To the End,7.2,679,104,music
La vita accanto,6.3,202,100,music
New Wave,8.0,48,88,music
No Cap,5.6,38,108,music
"RM: Right People, Wrong Place",8.3,413,80,music
I Need You: 53 Years of the Band America,8.5,7,93,music
ABBA: Against the Odds,7.4,416,90,music
ZEF: The Story of Die Antwoord,7.3,802,90,music
Andhagan,6.6,1200,142,music
Bocchi the Rock! Re: Re:,7.9,105,77,music
SUGA: Agust D Tour 'D-DAY' the Movie,8.1,1200,84,music
Diddy: Summit to Plummet,2.3,203,60,music
La guitarra flamenca de Yerai Cortés,7.3,236,95,music
Larger Than Life: Reign of the Boybands,6.8,286,95,music
The Gesuidouz,6.8,59,93,music
Devo,7.3,84,90,music
NCT Dream Mystery Lab: Dream()Scape in Cinemas,8.8,29,138,music
One-Way Ticket to the Other Side,9.4,13,75,music
Any Other Way: The Jackie Shane Story,8.5,64,98,music
Blackpink: World Tour - Born Pink,7.7,279,93,music
Pagtatag! The Documentary,6.5,194,73,music
Mylene Farmer - Nevermore - Le Film,8.7,78,125,music
Stevie Van Zandt: Disciple,7.9,664,147,music
"Iki Gözüm Ahmet, Sürgün",3.7,139,113,music
Jung Kook: I Am Still,8.2,7600,90,music
Laufey's A Night at the Symphony: Hollywood Bowl,9.3,101,98,music
Don't Ever Stop,9.5,27,85,music
Andrea Bocelli 30: The Celebration,8.2,154,148,music
Bloody Bridget,7.0,54,81,music
Tears of Cem Karaca,7.2,2000,123,music
Art of a Hit,4.2,218,93,music
Hyper: The Stevie Hyper D Story,8.8,30,91,music
If Jack Reacher Could Sing,7.6,12,31,music
K3 en Het Lied van de Zeemeermin,6.2,51,104,music
Karaoké,5.6,152,89,music
Queen Rock Montreal,8.5,792,95,music
Michael Jackson: Ungloved,6.5,24,60,music
Buzzy Noise,6.0,53,119,music
Levoton Tuhkimo,6.4,416,88,music
"Mon Laferte, te amo",6.6,191,77,music
Boxcutter,8.4,11,93,music
IVE: The 1st World Tour in Cinema,7.4,56,111,music
A Fragile Flower,7.8,1600,96,music
Rock Bottom,6.9,43,86,music
Zim Zim Ala Kazim,3.5,109,100,music
Hiçbir Sey Normal Degil,5.9,73,71,music
Coven of the Black Cube,7.8,20,97,music
Il segreto di Liberato,7.3,220,90,music
For King + Country: A Drummer Boy Christmas - Live,8.1,172,90,music
Samsara,8.8,14,80,music
"Düsseldorf, Skåne",5.3,316,94,music
Torch Song,6.6,32,90,music
Toxic Harmony,5.1,29,92,music
Seventeen Tour 'Follow' Again to Cinemas,8.1,101,103,music
Teaches of Peaches,7.1,264,102,music
Swan Lake,7.5,48,145,music
Son Sarki: Ahmet'in Türküsü,1.6,110,101,music
As We Speak,6.5,129,96,music
PAPmusic - Animation for Fashion,1.0,138,85,music
No Hamburg No Beatles,6.6,78,55,music
Fidil Ghorm,7.8,7,86,music
A Few Moments of Cheers,7.1,39,68,music
Peaches Goes Bananas,6.0,35,73,music
Go Against the Flow,5.4,155,97,music
Music Shop Murthy,8.1,2300,127,music
Since Yesterday: The Untold Story of Scotland's Girl Bands,7.5,60,94,music
Amaltash,8.1,149,113,music
Glenn Fredly: The Movie,6.8,124,121,music
Bach - Ein Weihnachtswunder,6.2,168,89,music
Kouté vwa,6.8,49,77,music
Element of Crime in Wenn es dunkel und kalt wird in Berlin,7.4,73,94,music
Usher: Rendezvous in Paris,7.9,45,88,music
Born to Be Wild: The Story of Steppenwolf,7.2,39,100,music
Beethoven's Nine: Ode to Humanity,6.9,22,85,music
Hov1 4-ever,6.4,73,92,music
Sabaton: The Tour to End All Tours,9.0,68,102,music
Ruki vverkh!,5.5,255,102,music
End Game: Battle Rap Part 1,8.2,308,87,music
Tudo por um Pop Star 2,5.6,60,74,music
Bratya,2.8,122,103,music
Aespa World Tour in Cinemas,8.1,103,125,music
Louder: The Soundtrack of Change,6.4,120,61,music
Nenormalnyy,6.5,153,103,music
The Way of the Rain - Hope for Earth,8.8,18,60,music
This Is a Film About the Black Keys,8.3,27,90,music
The Good Loan Sharks,5.0,75,122,music
Lipstick on the Glass,4.6,12,116,music
Blur: Live at Wembley Stadium,8.1,90,128,music
Riv i hjertet,7.9,30,107,music
Ya Boy Kongming! Road to Summer Sonia,7.4,40,119,music
It's Ok,8.2,530,90,music
The Pop Out: Ken & Friends,8.8,140,257,music
Billie Eilish: HIT ME HARD AND SOFT - A Listening Experience,8.3,33,60,music
Whitney Houston - The Concert for a New South Africa (Durban),8.5,151,115,music
Por tus muertos,3.3,186,94,music
Je Paisa Bolda Hunda,8.6,128,136,music
Ett hjärta är alltid rött,7.1,395,103,music
Hyperfocus: Tomorrow x Together VR Concert,9.2,7,60,music
Songs from the Hole,7.1,12,106,music
Do I Shock U Like Lightning,9.1,23,97,music
Tesa Man,7.9,14,60,music
Harta Tahta Raisa,4.0,71,110,music
Nada Será Como Antes,7.1,70,79,music
Bass Impact,5.9,52,109,music
Ta decibel tou Lefkou Pyrgou,9.2,9,107,music
Love Live! Nijigasaki High School Idol Club Final Chapter Part 1,7.3,13,59,music
La Joia: Bad Gyal,5.8,83,92,music
Dolby Atmos: Love Jennifer Lopez More,5.0,21,1,music
Aumenta que é Rock'n'Roll,7.1,279,112,music
Janet Jackson: In Control,5.5,8,60,music
Novogodniy ekspress,9.2,6,47,music
Tur s Ivanushkami,5.3,159,111,music
Yaremchuk: Nezrivniannyi svit krasy,8.6,463,92,music
John Williams in Tokyo,7.5,23,108,music
American Mileage,7.3,8,121,music
Pet Shop Boys Dreamworld: The Greatest Hits Live at the Royal Arena Copenhagen,8.3,135,115,music
Taeyong: TY Track in Cinemas,8.4,237,96,music
"Beyond, Ode to the Earth",6.7,121,77,music
To Freely Flourish,9.5,11,40,music
"Dolly Parton: Bigger Hair, Bigger Heart",7.0,11,60,music
All Access to Rossa 25 Shining Years,8.7,65,91,music
Paul Anka: His Way,7.3,11,100,music
Patchwork Family,9.9,7,56,music
aespa: MY First page,8.3,32,110,music
Dread Zeppelin: A Song of Hope,7.6,8,86,music
Faders Up: The John Aielli Experience,9.0,10,75,music
Munda Rockstar,6.6,363,126,music
André Rieu's 2024 Maastricht Concert: Power of Love,7.7,9,180,music
The Ballad of John and Yoko,8.5,17,101,music
Chicago & Friends in Concert,8.9,12,149,music
SDL A Batalha Musical,7.3,42,102,music
Sanjalice,8.9,13,69,music
End Game: Battle Rap Part 2,8.2,306,99,music
Cao Bela,7.7,10,94,music
Alien Weaponry: Kua Tupu Te Ara,6.6,8,99,music
Los Bunkers: MTV Unplugged,8.7,30,99,music
13 Lentes De Um Final Feliz (Documentário Completo),9.9,38,410,music
Ressaca Bailada - Filme Concerto,6.8,6,54,music
Paraíso,7.6,5,76,music
Galaxies,5.7,7,105,music
Live from Detroit: The Concert at Michigan Central,8.0,11,60,music
Reba McEntire: Country Gold,7.5,10,60,music
Beethoven's Nine,7.6,11,90,music
Arno: Rock'n'Roll Godverdomme,7.8,26,90,music
Carmina Burana: Dancing in Defiance,8.4,9,72,music
Vavel the Band,9.4,16,77,music
Electric Callboy: Tekkno - Live in Europe,9.1,23,86,music
"Stop, noch",3.9,8,97,music
Babymetal: World Tour 2023 - 2024 Legend - MM,9.6,9,180,music
"Bryson, the Demon Slayer",4.5,12,59,music
Imagine Dragons au Château de Chambord,7.6,7,95,music
Giannis Spanos: Piso ap' ti markiza,7.8,17,118,music
Pearl Jam - Dark Matter,5.8,35,97,music
Roméo et Juliette à l'Opéra Bastille,5.5,13,171,music
The Royal Edinburgh Military Tattoo 2023,7.0,8,100,music
Stay Homas. La banda que no hauria d'existir,7.0,16,82,music
Sobreviure a l'incendi: El documental de ZOO,7.8,7,87,music
Böhse Onkelz: 40 Jahre Onkelz - Live im Waldstadion,8.7,9,185,music
Natanael Cano: Tumbado Tour 2024,2.4,8,197,music
Húszra lapot,8.3,6,84,music
Paranoid: 25 let,6.0,7,51,music
En kväll för LeMarc,7.2,5,88,music
"Lupicinio Rodrigues, Confissões de um Sofredor",7.0,5,99,music
